{"cameraMode":{"drawMode":0,"name":"Shaded","section":"Shading Mode"},"sceneLighting":false,"audioPlay":false,"sceneViewState":{"m_AlwaysRefresh":false,"showFog":true,"showSkybox":false,"showFlares":true,"showImageEffects":true,"showParticleSystems":true,"showVisualEffectGraphs":true,"m_FxEnabled":true},"in2DMode":false,"pivot":{"x":0.5617939233779907,"y":3.4389452934265138,"z":1.4785428047180176},"rotation":{"x":0.0002923852880485356,"y":-0.9989503622055054,"z":-0.020698148757219316,"w":-0.04652916267514229},"size":3.5327963829040529,"orthographic":false}