{"cameraMode":{"drawMode":0,"name":"Shaded","section":"Shading Mode"},"sceneLighting":true,"audioPlay":false,"sceneViewState":{"m_AlwaysRefresh":false,"showFog":true,"showSkybox":true,"showFlares":true,"showImageEffects":true,"showParticleSystems":true,"showVisualEffectGraphs":true,"m_FxEnabled":true},"in2DMode":false,"pivot":{"x":823.8562622070313,"y":224.00650024414063,"z":1223.5450439453125},"rotation":{"x":0.07819972187280655,"y":0.047273870557546619,"z":-0.0029943049885332586,"w":0.9960668087005615},"size":1178.3563232421875,"orthographic":false}